{
  	"tornado": "ci sarà un tornado",
	"hurricane": "ci sarà un uragano",
	"severe thunderstorms": "ci sarà una tempesta di fulmini",
	"thunderstorms": "ci sarà un temporale",
	"rain and snow": "ci sarà pioggianeve",
	"rain and sleet": "ci sarà pioggia e nevischio",
	"snow and sleet": "ci sarà neve e nevischio",
	"freezing drizzle": "ci sarà acquaneve",
	"drizzle": "ci sarà un po' di pioggerella",
	"freezing rain": " ci sarà pioggia ghiacciata",
	"showers": "pioverà",
	"snow flurries": "ci saranno raffiche di neve",
	"light snow showers": "ci saranno nevicate leggere",
	"blowing snow": "ci sarà una bufera di neve",
	"snow": "nevicherà",
	"hail": "grandinerà",
	"sleet": "ci sarà del nevischio",
	"dust": "ci sarà del pulviscolo",
	"foggy": "ci sarà della nebbia",
	"haze": "ci sarà della foschia",
	"rain": "pioverà",
	"smoky": "ci sarà del fumo",
	"blustery": "sarà una giornata ventosa",
	"windy": "sarà una giornata ventilata",
	"cold": "gelerà tutto",
	"cloudy": "sarà nuvoloso",
	"mostly cloudy": "sarà maggiormente nuvoloso",
	"partly cloudy": "sarà parzialmente nuvoloso",
	"mostly sunny": "sarà maggiormente soleggiato",
	"clear": "sarà una giornata serena",
	"sunny": "sarà soleggiato",
	"fair": "sarà una giornata limpida",
	"mixed rain and hail": "ci sarà pioggia mista a grandine",
	"hot": "farà caldo",
	"isolated thunderstorms": "ci sarà un temporale isolato",
	"scattered thunderstorms": "ci saranno dei temporali",
	"scattered showers": "ci saranno pioggie sparse",
	"heavy snow": "nevicherà pesantemente",
	"scattered snow showers": "ci saranno nevicate sparse",
	"thundershowers": "ci saranno rovesci temporaleschi",
	"snow showers": "ci saranno rovesci nevosi",
	"isolated thundershowers": "ci saranno rovesci temporaleschi isolati",
	"breezy": "sarà ventilato",
	"not available": "non lo so"

}