{
  "disable welcome privato": [],
  "meteo_text": [],
  "start": [],
  "amare": [],
  "buonanotte pomeriggio": [],
  "buonasera sera": [],
  "gen_answ": [],
  "welcome": [],
  "buonpomeriggio sera": [],
  "buongiorno notte": [],
  "admin_actions": [],
  "scuse": [],
  "warn1": [],
  "general_error": [],
  "risp_except": [],
  "broadcast": [],
  "buongiorno Notte": [],
  "buonanotte mattina": [],
  "unwarn_0": [],
  "no_args": [],
  "buonpomeriggio pomeriggio": [],
  "user_is_owner": [],
  "buonasera notte": [],
  "autom_pomeriggio": [],
  "buongiorno sera": [],
  "enable welcome privato": [],
  "warn3": [],
  "buonpomeriggio mattina": [],
  "citta_inesist": [],
  "complimenti": [],
  "auto_unwarn": [],
  "benvenuto gia abilitato": [],
  "bene": [],
  "autom": [],
  "warn2": [],
  "buonasera mattina": [],
  "ringraziamenti": [],
  "saluti": [],
  "unwarn_-1": [],
  "meteo_sugg": [],
  "buongiorno mattina": [],
  "buonpomeriggio notte": [],
  "ut_non_admin": [],
  "autom_notte": [],
  "buongiorno pomeriggio": [],
  "chiamata": [],
  "bot_non_admin": [],
  "autom_mattina": [],
  "already muted": [],
  "data_nascita": [],
  "newgroup": [],
  "autom_sera": [],
  "ban_self_admin": [],
  "buonanotte sera": [],
  "buonanotte notte": [],
  "insulti": [],
  "unwarn_1": [],
  "benvenuto gia disabilitato": [],
  "comando sconosciuto": [],
  "ut_admin": [],
  "buonasera pomeriggio": []
}