{"bene": "voglio_bene tanto_bene tvb tvtb", "ringraziamenti": "grazie gentilissima ringrazio thanks arigatou arigato tnx accie utile", "complimenti": "adoro kawaii bellissima cute brava bella ottimo carina piccina adorabile puccia pucciosa tenera simpatica best coccolosa perfetta carinissima meravigliosa orgoglioso orgogliosa tenerosa gentile bravissima splendida mi_piaci ci_piaci speciale", "eteractions": [], "interactions": [], "notte": "notte buonanotte oyasumi notteh ", "day_parts": ["buongiorno|ohayou", "buonasera|konbanwa", "buonpomeriggio", "buonanotte|oyasumi"], "contents": [], "insulti": "puzzi cesso cessa pompinara crocifiggo cagare cacare schifo lella inculino macachi lecca leccare canna rollare anal lubrificante sesso sega leccarmi minchia palo fottere fottersi pompin incularsi inculare ammazzati incula stronza stupida scema inutile troia muori vattene sfondare vaffanculo cancro bastarda odio puttana lurida vacca putrida zoccola crepa cazzo fottiti fottitih baka schifo grottesca scema broccola palle mammt porco cancer strozzerei max tumore autistica dammela dagliela sei_una_scimmia mammt porco_dio bottana bocchinara cagna trombami escile porcoddio pene kittemmuort obesa ktm cancretto leghista? prendila_in_culo lezza sei_un_antivirus accirt cappella ritardata ti_violento lo_ficco me_la_dai vengo violentarti bocchino pompino bocchinare insulto bucchinara in_culo deretano", "saluti": "ciao ciau kiao salve ehi we ohi hello sup", "amare": "amo lovvo daisuki", "antispam time": "1.2", "equals": [], "bot_commands": [], "scuse": "scusa dispiace fomen gomenasai sorry sry scus spiace", "bot_comm_symbol": "/", "admin_actions": [], "giorno": "buongiorno ohayou ohayo gionno"}